"treatment","prob_fmt_pt","prob_pt_fmt"
"0",13.428125,86.571875
"0.1",52.359375,47.640625
"1",18.325,81.675
"10",19.915625,80.084375
